Articulo,Color
TOP BRISA,VERDE - AMARILLO
TOP BRISA,CHOCOLATE - ROSA
SHORY BRISA,VERDE - AMARILLO
SHORY BRISA,CHOCOLATE - ROSA
VESTIDO BRISA,VERDE - AMARILLO
VESTIDO BRISA,CHOCOLATE - ROSA
TOP COAST,AZUL
TOP COAST,NEGRO
TOP COAST,OFF WHITE
TOP COAST,CHOCOLATE
FALDA COAST,CHOCOLATE
FALDA COAST,NEGRO
FALDA COAST,OFF WHITE
PANTALON COAST,NEGRO
PANTALON COAST,OFF WHITE
PANTALON COAST,AZUL
CARDIGAN COAST,OFF WHITE
CARDIGAN COAST,AZUL
CARDIGAN COAST,NEGRO
CARDIGAN PRAIA,CRUDO
CARDIGAN PRAIA,MARINO
CAMISA KIRBI,MIX ROSA
CAMISA KIRBI,MIX CHOCOLATE
CAMPERA ELLIE,CRUDO
CAMPERA ELLIE,CHOCOLATE
CHALECO CAMELIA,CRUDO
CHALECO CAMELIA,BEIGE
CHALECO CAMELIA,CHOCOLATE
CHALECO DUNA,CRUDO
CHALECO DUNA,CHOCOLATE
REMERA PALMA,CRUDO
REMERA PALMA,CHOCOLATE
REMERA PALMA,AMARILLO
SACO VERONA,MARINO
SACO VERONA,CRUDO
SACO VERONA,BEIGE
SHORT KIRBI,MIX ROSA
SHORT KIRBI,MIX CHOCOLATE
SHORT PALMA,CHOCOLATE
SHORT PALMA,CRUDO
SHORT PALMA,AMARILLO
SHORT ZAFIRA,CRUDO
SHORT ZAFIRA,NEGRO
SHORT ZAFIRA,MARINO
SHORT ZAFIRA,BEIGE
SWEATER AURA,CRUDO
SWEATER AURA,BEIGE
SWEATER AURA,NEGRO
SWATER PEACH,CHOCOLATE
SWATER PEACH,CRUDO
SWATER PEACH,LAVANDA
SWEATER SOLEIL,CRUDO
SWEATER SOLEIL,AMARILLO
TOP BRUMA,BEIGIE
TOP BRUMA,BLANCO
TOP BRUMA,NEGRO
TOP GLOW,BEIGE
TOP GLOW,MARINO
TOP GLOW,NEGRO
TOP ONIX,LILA
TOP ONIX,NEGRO
TOP ONIX,OFF WHITE
TOP SPYRO,AMARILLO
TOP SPYRO,BLANCO
TOP SPYRO,MARINO
TOP ZAFIRA,BEIGE
TOP ZAFIRA,CRUDO
TOP ZAFIRA,MARINO
TOP ZAFIRA,NEGRO
VESTIDO CAMISERA KRABBY,CHOCO - TURQUESA
VESTIDO CAMISERA KRABBY,ROSA - BORDO
VESTIDO KOOPA,AMARILLO
VESTIDO KOOPA,CHOCOLATE
VESTIDO KOOPA,CRUDO
SWEATER GAIA,MIX CELESTE
SWEATER GAIA,MIX BORDO
SHORT SUMMER,CHOCOLATE - CRUDO
SHORT SUMMER,LAVANDA - MARINO
SHORT SUMMER,ROSA - BORDO
PANTALON CAMELIA,CRUDO
PANTALON CAMELIA,BEIGE
PANTALON CAMELIA,CHOCOLATE
TOP SUMMER,CHOCOLATE - CRUDO
TOP SUMMER,LAVANDA - MARINO
TOP SUMMER,ROSA - BORDO
VESTIDO GOLDEN,CHOCOLATE
VESTIDO GOLDEN,BLANCO
TOP VERA,CRUDO
TOP VERA,NEGRO
REMERON POSITANO,CRUDO
REMERON POSITANO,CHOCOLATE
